{
	"svcDirList": ["src"],
	"bitBucketCred": "Jenkins_user",
	"deploymentJob": "MigrationSF_cd_multi-aws",
  "mailFrom": "rutuja.nandre@capgemini.com",
	"mailNotification": "anantha-padmanabha.n-s@capgemini.com, bipin.patwardhan@capgemini.com, shivaprasad.gn@capgemini.com",
	"productName": "Test-IDEA",
  "deployment":
   {
  		"dev":
      {
			    "aksConfig": "kubernetesconfig-aws",
			    "agentlabel": "aws",
					"mailTo": "sai-madhav.a.kambhampati@capgemini.com, shiv-bhole.a.singh@capgemini.com, kshitiz.a.bansal@capgemini.com, deepak-r.kashyap@capgemini.com, anupam.a.srivastava@capgemini.com",
					"approversGroup":"MigrationSF_deployment_approvers",
					"registry": "nexus.idea.xpaas.io/repository/docker-dev/aws/",
					"helmRegistry": "https://nexus.idea.xpaas.io/repository/helm-dev-aws/",
					"registrySecret": "nexusCred",
					"imagePullSecret": "aws-secret"
      },
      "qa":
      {
				"aksConfig": "kubernetesconfig-qa-aws",
				"agentlabel": "aws-qa",
				"mailTo": "anantha-padmanabha.n-s@capgemini.com, daamotharan.baskaran@capgemini.com",
				"approversGroup":"QA_deployment_approvers",
				"registry": "nexus.idea.xpaas.io/repository/docker-staging/aws/",
				"helmRegistry": "https://nexus.idea.xpaas.io/repository/helm-staging-aws/",
				"registrySecret": "nexusCred",
				"imagePullSecret": "aws-secret-qa"
	     },
			"prod":
      {
				"aksConfig": "kubernetesconfig-mvp-aws",
				"agentlabel": "aws-mvp",
				"mailTo": "shivaprasad.gn@capgemini.com",
				"approversGroup":"MVP_deployment_approvers",
				"registry": "nexus.idea.xpaas.io/repository/docker-releases/aws/",
				"helmRegistry": "https://nexus.idea.xpaas.io/repository/helm-releases-aws/",
				"registrySecret": "nexusCred",
				"imagePullSecret": "aws-secret-prod"
      },
			"demo":
			{
				"aksConfig": "aws-idea-demo",
				"agentlabel": "idea-demo-aws",
				"mailTo": "sai-madhav.a.kambhampati@capgemini.com, shiv-bhole.a.singh@capgemini.com, deepak-r.kashyap@capgemini.com",
				"approversGroup":"MigrationSF_deployment_approvers",
				"registry": "nexus.idea.xpaas.io/repository/docker-dev/aws-demo/",
				"helmRegistry": "https://nexus.idea.xpaas.io/repository/helm-releases-client-poc/",
				"registrySecret": "nexusCred",
				"imagePullSecret": "aws-secret"
			},
			"sandbox":
			{
				"aksConfig": "aws-idea-sandbox",
				"agentlabel": "idea-sandbox-aws",
				"mailTo": "sai-madhav.a.kambhampati@capgemini.com, shiv-bhole.a.singh@capgemini.com, deepak-r.kashyap@capgemini.com",
				"approversGroup":"MigrationSF_deployment_approvers",
				"registry": "nexus.idea.xpaas.io/repository/docker-dev/aws-sandbox/",
				"helmRegistry": "https://nexus.idea.xpaas.io/repository/helm-releases-client-poc/",
				"registrySecret": "nexusCred",
				"imagePullSecret": "aws-secret"
			}
	}
}